policy_id,holder_id,state_code,state,carrier,effective_date,expiration_date,coverage_form,annual_premium,deductible_type,deductible_value,has_mortgagee,mortgagee_name,mortgagee_loan_no,status,coverage_a,coverage_b,coverage_c,coverage_d,liability_limit,med_pay_limit,endorsements,property_address,year_built,roof_type,construction_type,square_feet,stories
PTN001,H0001,TN,Tennessee,Liberty Lakes Insurance,2025-04-16,2025-04-16,HO-3,3209.52,flat,1000.0,False,,,Active,1000000,100000,700000,200000,100000,5000,Ordinance or Law 10%; Service Line; ID Theft,"4147 Birch Dr, Nashville, TN 37408",2001,Slate,Concrete,1868,2
PTN002,H0002,TN,Tennessee,Liberty Lakes Insurance,2024-06-17,2024-06-17,HO-3,3049.05,flat,1500.0,True,First National Mortgage,3177759181,Pending Renewal,1000000,100000,600000,200000,500000,5000,Ordinance or Law 10%; Water Backup,"9164 Pine Rd, Nashville, TN 37211",2016,Tile,Modular,2437,2
PTN003,H0003,TN,Tennessee,Summit Home & Casualty,2025-04-01,2025-04-01,HO-3,1419.52,flat,1000.0,False,,,Pending Renewal,350000,35000,175000,70000,500000,10000,Equipment Breakdown; ID Theft; Ordinance or Law 10%,"2956 Elm St, Murfreesboro, TN 38117",1984,Asphalt,Brick,1781,1
PTN004,H0004,TN,Tennessee,Centurion Mutual,2025-09-20,2025-09-20,HO-3,3209.52,flat,2500.0,True,AmeriHome Lending,2451679724,Active,1000000,100000,700000,200000,100000,5000,Service Line; Water Backup,"905 Birch Dr, Franklin, TN 37209",2003,Slate,Modular,1900,1
PTN005,H0005,TN,Tennessee,Liberty Lakes Insurance,2024-09-02,2024-09-02,HO-3,2347.86,flat,1000.0,False,,,Active,750000,75000,450000,187500,100000,10000,Water Backup; Ordinance or Law 10%; Equipment Breakdown,"1062 Pine Rd, Chattanooga, TN 37211",2013,Tile,Concrete,1547,1
PTN006,H0006,TN,Tennessee,Liberty Lakes Insurance,2024-09-17,2024-09-17,HO-3,3610.0,flat,1500.0,False,,,Pending Renewal,1200000,120000,720000,240000,300000,1000,ID Theft; Service Line,"1011 Cedar Ln, Chattanooga, TN 37408",2018,Wood,Frame,2171,2
PTN007,H0007,TN,Tennessee,Liberty Lakes Insurance,2025-04-21,2025-04-21,HO-3,2582.64,flat,1000.0,True,First National Mortgage,2623669411,Pending Renewal,750000,75000,525000,187500,500000,5000,Service Line; ID Theft; Ordinance or Law 25%,"8944 Willow Way, Chattanooga, TN 38117",1966,Asphalt,Concrete,3277,1
PTN008,H0008,TN,Tennessee,Centurion Mutual,2025-06-15,2025-06-15,HO-3,4180.0,flat,1000.0,True,United Bank Home Loans,7994248048,Active,1200000,120000,840000,360000,300000,10000,Ordinance or Law 10%; Service Line,"3687 Pine Rd, Murfreesboro, TN 37902",1968,Slate,Frame,915,2
PTN009,H0009,TN,Tennessee,Liberty Lakes Insurance,2024-03-10,2024-03-10,HO-3,1811.33,flat,2500.0,True,United Bank Home Loans,8837875948,Active,500000,50000,350000,125000,100000,1000,Equipment Breakdown; Ordinance or Law 10%; Water Backup,"5145 Cedar Ln, Murfreesboro, TN 37408",1966,Metal,Stucco,1326,2
PTN010,H0010,TN,Tennessee,Summit Home & Casualty,2024-03-01,2024-03-01,HO-3,731.5,flat,2500.0,False,,,Active,150000,15000,105000,37500,100000,10000,Ordinance or Law 10%; ID Theft,"448 Willow Way, Memphis, TN 37209",1994,Slate,Concrete,3504,2
PTX001,H0011,TX,Texas,Summit Home & Casualty,2024-07-19,2024-07-19,HO-3,3018.56,percent_wind_hail,0.01,False,,,Pending Renewal,1000000,100000,700000,200000,500000,1000,Animal Liability Sublimit; Water Backup; Ordinance or Law 10%,"3721 Hickory Blvd, Dallas, TX 78701",1971,Wood,Frame,3474,2
PTX002,H0012,TX,Texas,Centurion Mutual,2025-06-27,2025-06-27,HO-3,1419.52,flat,1500.0,False,,,Pending Renewal,350000,35000,210000,87500,500000,5000,Water Backup; Animal Liability Sublimit; Service Line; Ordinance or Law 10%,"6720 Walnut Pl, Austin, TX 78205",1973,Asphalt,Frame,1952,2
PTX003,H0013,TX,Texas,Summit Home & Casualty,2024-04-06,2024-04-06,HO-3,1348.55,flat,1000.0,False,,,Pending Renewal,350000,35000,244999,87500,300000,1000,Animal Liability Sublimit; Service Line; Water Backup; Ordinance or Law 10%,"7065 Hickory Blvd, Houston, TX 75034",1963,Slate,Brick,3179,2
PTX004,H0014,TX,Texas,Summit Home & Casualty,2025-01-21,2025-01-21,HO-3,3353.95,flat,1500.0,True,AmeriHome Lending,6109927757,Active,1000000,100000,700000,200000,100000,1000,Animal Liability Sublimit; Roof ACV; Water Backup,"9836 Pine Rd, Frisco, TX 75034",1997,Slate,Brick,2245,2
PTX005,H0015,TX,Texas,Liberty Lakes Insurance,2024-12-14,2025-12-14,HO-3,2224.29,percent_wind_hail,0.02,False,,,Pending Renewal,750000,75000,450000,225000,300000,10000,Ordinance or Law 10%; Animal Liability Sublimit,"165 Oak Ave, Frisco, TX 75201",2008,Asphalt,Concrete,1098,1
PTX006,H0016,TX,Texas,Centurion Mutual,2024-10-25,2024-10-25,HO-3,693.0,percent_wind_hail,0.03,True,First National Mortgage,6619421111,Pending Renewal,150000,15000,75000,30000,100000,5000,Service Line; Ordinance or Law 10%,"2737 Oak Ave, Dallas, TX 77002",1970,Asphalt,Stucco,1077,1
PTX007,H0017,TX,Texas,Liberty Lakes Insurance,2024-12-21,2025-12-21,HO-3,3530.48,flat,2500.0,True,First National Mortgage,9415420673,Pending Renewal,1000000,100000,700000,250000,100000,10000,Water Backup; Ordinance or Law 10%,"7703 Spruce Ct, Austin, TX 75034",1973,Metal,Modular,2695,1
PTX008,H0018,TX,Texas,Liberty Lakes Insurance,2024-11-18,2024-11-18,HO-3,1290.48,flat,1000.0,True,First National Mortgage,6649512599,Pending Renewal,350000,35000,244999,105000,100000,1000,Ordinance or Law 10%; Roof ACV; Service Line,"1227 Pine Rd, Houston, TX 75201",2002,Tile,Modular,1971,2
PTX009,H0019,TX,Texas,Liberty Lakes Insurance,2025-12-14,2026-12-14,HO-3,3610.0,flat,1000.0,False,,,Active,1200000,120000,840000,240000,300000,10000,Water Backup; Service Line,"7981 Elm St, Houston, TX 75024",2018,Tile,Brick,2956,2
PTX010,H0020,TX,Texas,Centurion Mutual,2024-03-25,2024-03-25,HO-3,2718.57,flat,1000.0,True,AmeriHome Lending,1362690779,Active,750000,75000,450000,225000,100000,5000,Water Backup; Ordinance or Law 10%,"4371 Elm St, Dallas, TX 78205",1986,Wood,Brick,1144,2
PCA001,H0021,CA,California,Liberty Lakes Insurance,2025-09-13,2025-09-13,HO-3,3049.05,flat,1500.0,False,,,Pending Renewal,1000000,100000,700000,200000,100000,1000,Water Backup; Ordinance or Law 25%,"9700 Elm St, San Diego, CA 93721",2007,Metal,Concrete,2469,2
PCA002,H0022,CA,California,Summit Home & Casualty,2025-10-26,2025-10-26,HO-3,3800.0,flat,1000.0,True,First National Mortgage,8634969708,Pending Renewal,1200000,120000,600000,300000,100000,10000,Ordinance or Law 25%; Equipment Breakdown; ID Theft,"1554 Willow Way, Sacramento, CA 90012",2008,Slate,Concrete,3587,2
PCA003,H0023,CA,California,Liberty Lakes Insurance,2025-09-18,2025-09-18,HO-3,3610.0,flat,1000.0,False,,,Active,1200000,120000,600000,240000,500000,10000,ID Theft; Equipment Breakdown,"2023 Spruce Ct, Fresno, CA 93721",2010,Tile,Concrete,2249,2
PCA004,H0024,CA,California,Summit Home & Casualty,2025-07-12,2025-07-12,HO-3,1094.76,flat,1000.0,True,AmeriHome Lending,2170004674,Pending Renewal,250000,25000,175000,50000,300000,5000,Water Backup; ID Theft; Equipment Breakdown; Ordinance or Law 25%,"3842 Birch Dr, San Diego, CA 92101",1952,Metal,Brick,1110,2
PCA005,H0001,CA,California,Centurion Mutual,2025-07-23,2025-07-23,HO-3,2582.64,flat,1500.0,True,First National Mortgage,6784439425,Active,750000,75000,375000,187500,500000,1000,Water Backup; Equipment Breakdown,"4520 Maple St, Irvine, CA 95113",1990,Tile,Brick,3846,1
PCA006,H0002,CA,California,Centurion Mutual,2024-06-28,2024-06-28,HO-3,3971.0,flat,2500.0,True,First National Mortgage,4714859208,Pending Renewal,1200000,120000,600000,240000,500000,10000,Equipment Breakdown; ID Theft; Ordinance or Law 10%,"6571 Walnut Pl, Sacramento, CA 92101",1950,Wood,Frame,2866,2
PCA007,H0003,CA,California,Liberty Lakes Insurance,2025-11-14,2025-11-14,HO-3,1225.95,flat,500.0,True,United Bank Home Loans,7169146234,Active,350000,35000,175000,105000,100000,10000,Equipment Breakdown; Water Backup,"638 Birch Dr, Irvine, CA 92101",2017,Tile,Modular,3266,2
PCA008,H0004,CA,California,Liberty Lakes Insurance,2024-11-17,2024-11-17,HO-3,3353.95,flat,2500.0,True,United Bank Home Loans,4492280769,Active,1000000,100000,700000,250000,300000,1000,ID Theft; Equipment Breakdown; Ordinance or Law 25%,"4759 Maple St, Los Angeles, CA 95113",1981,Tile,Concrete,3658,1
PCA009,H0005,CA,California,Liberty Lakes Insurance,2024-07-10,2024-07-10,HO-3,1348.55,flat,2500.0,True,First National Mortgage,4108602684,Pending Renewal,350000,35000,244999,105000,300000,10000,Ordinance or Law 25%; ID Theft,"7853 Elm St, Irvine, CA 95113",1960,Metal,Concrete,2171,1
PCA010,H0006,CA,California,Liberty Lakes Insurance,2024-05-06,2024-05-06,HO-3,3971.0,flat,2500.0,True,United Bank Home Loans,2702091301,Pending Renewal,1200000,120000,600000,240000,500000,10000,Ordinance or Law 25%; Water Backup; Equipment Breakdown,"8136 Elm St, Fresno, CA 92618",1954,Metal,Concrete,3709,2
